Subject;Verb;Correct;Distractors;Topic
yo;hablar;hablo;hablas|habla|hablamos;Presente
tú;comer;comes;como|come|comen;Presente
él;vivir;vive;vives|vivo|viven;Presente
ella;escribir;escribe;escribes|escribo|escriben;Presente
nosotros;hablar;hablamos;hablan|habláis|hablo;Presente
vosotros;comer;coméis;comemos|comen|comes;Presente
ellos;bailar;bailan;bailamos|baila|bailas;Presente
ellas;leer;leen;leemos|lee|lees;Presente
nosotros;vivir;vivimos;vivemos|viven|vive;Presente
yo;ser;soy;es|eres|estoy;Presente (ser)
tú;ser;eres;es|soy|sois;Presente (ser)
yo;estar;estoy;está|estás|soy;Presente (estar)
ella;estar;está;estás|estoy|están;Presente (estar)
yo;tener;tengo;teno|tienes|tiene;Presente (unregelmäßig)
usted;tener;tiene;tienes|tengo|tienen;Presente (unregelmäßig)
nosotros;ir;vamos;vais|van|voy;Presente (unregelmäßig)
yo;hacer;hago;haco|hace|haces;Presente (unregelmäßig)
tú;poder;puedes;podes|puede|puedo;Presente (unregelmäßig)
ellos;querer;quieren;queren|quiere|queremos;Presente (unregelmäßig)
él;jugar;juega;juga|juegas|jugamos;Presente (unregelmäßig)
ella;dormir;duerme;dorme|duermo|duermen;Presente (unregelmäßig)
