Word;German;Hint;GermanAlternatives;WordAlternatives
perro;Hund;Bellt und wedelt mit dem Schwanz;
gato;Katze;Miaut und schnurrt;Kater
caballo;Pferd;Großes Tier zum Reiten;
pájaro;Vogel;Kann fliegen und zwitschert;
pez;Fisch;Lebt im Wasser;
madre;Mutter;Weiblicher Elternteil;Mama
padre;Vater;Männlicher Elternteil;Papa
hermana;Schwester;Weibliches Geschwister;
hermano;Bruder;Männliches Geschwister;
abuela;Großmutter;Mutter von Mama oder Papa;Oma
abuelo;Großvater;Vater von Mama oder Papa;Opa
amigo;Freund;Jemand, den man sehr mag;Kumpel
casa;Haus;Darin wohnt man;Zuhause
escuela;Schule;Dort lernt man jeden Tag;;colegio
libro;Buch;Darin kann man lesen;
mesa;Tisch;Darauf steht das Essen;
silla;Stuhl;Darauf sitzt man;
ventana;Fenster;Durch sie schaut man nach draußen;
puerta;Tür;Durch sie geht man in einen Raum;
coche;Auto;Hat vier Räder;Wagen;carro
pan;Brot;Wird aus Mehl gebacken;
leche;Milch;Weißes Getränk von der Kuh;
agua;Wasser;Trinkt man, wenn man durstig ist;
queso;Käse;Wird aus Milch gemacht;
huevo;Ei;Kommt vom Huhn;
manzana;Apfel;Obst, rot oder grün;
plátano;Banane;Gelbes, krummes Obst;;banana
uno;eins;Die Zahl 1;
dos;zwei;Die Zahl 2;
tres;drei;Die Zahl 3;
cuatro;vier;Die Zahl 4;
cinco;fünf;Die Zahl 5;
seis;sechs;Die Zahl 6;
siete;sieben;Die Zahl 7;
ocho;acht;Die Zahl 8;
nueve;neun;Die Zahl 9;
diez;zehn;Die Zahl 10;
rojo;rot;Farbe von Erdbeeren;
azul;blau;Farbe vom Himmel;
verde;grün;Farbe von Gras;
amarillo;gelb;Farbe von Zitronen;
negro;schwarz;Farbe der Nacht;
blanco;weiß;Farbe von Schnee;
grande;groß;Gegenteil von klein;
pequeño;klein;Gegenteil von groß;
feliz;glücklich;Gegenteil von traurig;fröhlich|froh
triste;traurig;Gegenteil von glücklich;
sol;Sonne;Scheint am Tag;
luna;Mond;Scheint in der Nacht;
día;Tag;Gegenteil von Nacht;
noche;Nacht;Dunkle Tageszeit;
comer;essen;Das macht man mit Essen;
beber;trinken;Das macht man mit Wasser;
dormir;schlafen;Das macht man nachts im Bett;
jugar;spielen;Das macht man mit Freunden;
hablar;sprechen;Worte mit dem Mund sagen;reden
hola;hallo;Begrüßung;
gracias;danke;Sagt man, wenn man etwas bekommt;
adiós;tschüss;Verabschiedung;auf Wiedersehen
sí;ja;Gegenteil von nein;
